{"stats":{"minecraft:custom":{"minecraft:time_since_rest":16765,"minecraft:interact_with_furnace":2,"minecraft:sprint_one_cm":32852,"minecraft:damage_taken":210,"minecraft:walk_one_cm":109928,"minecraft:mob_kills":3,"minecraft:drop":36,"minecraft:damage_dealt":289,"minecraft:interact_with_crafting_table":5,"minecraft:fly_one_cm":22561,"minecraft:crouch_one_cm":1478,"minecraft:play_time":16765,"minecraft:sneak_time":558,"minecraft:jump":274,"minecraft:walk_on_water_one_cm":244,"minecraft:time_since_death":16765,"minecraft:total_world_time":16765,"minecraft:fall_one_cm":4414},"minecraft:crafted":{"minecraft:crafting_table":1,"minecraft:spruce_planks":16,"minecraft:stick":8,"minecraft:wooden_pickaxe":1,"minecraft:stone_pickaxe":1,"minecraft:stone_sword":1,"minecraft:stone_axe":1},"minecraft:mined":{"minecraft:iron_ore":7,"minecraft:spruce_log":6,"minecraft:crafting_table":1,"minecraft:oak_log":31,"minecraft:coal_ore":13,"minecraft:dirt":2,"minecraft:stone":47},"minecraft:killed":{"minecraft:sheep":2,"minecraft:spider":1},"minecraft:used":{"minecraft:stone_sword":7,"minecraft:stone_pickaxe":28,"minecraft:spruce_planks":1,"minecraft:wooden_pickaxe":43,"minecraft:stone_axe":31,"minecraft:dirt":1,"minecraft:cobblestone":7,"minecraft:crafting_table":3},"minecraft:dropped":{"minecraft:dirt":10,"minecraft:furnace":1,"minecraft:stone_axe":1,"minecraft:birch_planks":5,"minecraft:torch":15,"minecraft:andesite":1,"minecraft:birch_door":1,"minecraft:wooden_pickaxe":1,"minecraft:iron_pickaxe":1,"minecraft:coal":27},"minecraft:picked_up":{"minecraft:raw_iron":7,"minecraft:crafting_table":2,"minecraft:birch_door":1,"minecraft:andesite":1,"minecraft:torch":15,"minecraft:wooden_pickaxe":1,"minecraft:birch_planks":5,"minecraft:oak_log":31,"minecraft:spruce_log":4,"minecraft:string":1,"minecraft:dirt":11,"minecraft:stone_axe":1,"minecraft:stone_pickaxe":1,"minecraft:iron_pickaxe":1,"minecraft:oak_sapling":1,"minecraft:mutton":2,"minecraft:coal":48,"minecraft:white_wool":2,"minecraft:cobblestone":77,"minecraft:furnace":1}},"DataVersion":3465}