{"stats":{"minecraft:broken":{"minecraft:stone_sword":1},"minecraft:custom":{"minecraft:interact_with_furnace":29,"minecraft:mob_kills":92,"minecraft:interact_with_crafting_table":18,"minecraft:interact_with_grindstone":1,"minecraft:leave_game":2,"minecraft:time_since_death":9339,"minecraft:sleep_in_bed":7,"minecraft:time_since_rest":2582,"minecraft:sprint_one_cm":170995,"minecraft:damage_taken":788,"minecraft:walk_one_cm":320320,"minecraft:drop":36,"minecraft:damage_dealt":7319,"minecraft:talked_to_villager":2,"minecraft:fly_one_cm":244516,"minecraft:player_kills":1,"minecraft:open_chest":20,"minecraft:crouch_one_cm":2160,"minecraft:play_time":64092,"minecraft:deaths":2,"minecraft:sneak_time":922,"minecraft:walk_under_water_one_cm":5873,"minecraft:jump":1302,"minecraft:interact_with_brewingstand":1,"minecraft:walk_on_water_one_cm":5833,"minecraft:total_world_time":64092,"minecraft:fall_one_cm":25559},"minecraft:crafted":{"minecraft:oak_planks":124,"minecraft:cooked_porkchop":2,"minecraft:crafting_table":2,"minecraft:spruce_planks":16,"minecraft:wooden_pickaxe":1,"minecraft:furnace":2,"minecraft:cooked_salmon":3,"minecraft:birch_planks":124,"minecraft:stone_axe":2,"minecraft:cooked_mutton":22,"minecraft:air":0,"minecraft:iron_boots":1,"minecraft:stick":12,"minecraft:iron_ingot":7,"minecraft:iron_pickaxe":1,"minecraft:stone_pickaxe":1,"minecraft:wooden_axe":1,"minecraft:stone_sword":2,"minecraft:chest":2,"minecraft:white_bed":2},"minecraft:mined":{"minecraft:spruce_planks":1,"minecraft:white_bed":2,"minecraft:crafting_table":4,"minecraft:chest":4,"minecraft:tall_grass":5,"minecraft:copper_ore":15,"minecraft:birch_planks":1,"minecraft:furnace":2,"minecraft:birch_log":31,"minecraft:iron_ore":7,"minecraft:spruce_log":6,"minecraft:acacia_stairs":1,"minecraft:birch_leaves":1,"minecraft:grass":64,"minecraft:oak_log":31,"minecraft:coal_ore":24,"minecraft:acacia_fence":1,"minecraft:dirt":2,"minecraft:stone":57},"minecraft:killed":{"minecraft:pig":22,"minecraft:salmon":3,"minecraft:spider":1,"minecraft:sheep":29,"minecraft:zombie":1,"minecraft:chicken":18,"minecraft:cow":17},"minecraft:killed_by":{"minecraft:player":1,"minecraft:zombie":1},"minecraft:used":{"minecraft:cooked_mutton":6,"minecraft:stone_sword":177,"minecraft:stone_pickaxe":95,"minecraft:chest":6,"minecraft:spruce_planks":1,"minecraft:wooden_pickaxe":43,"minecraft:cooked_salmon":2,"minecraft:dirt":1,"minecraft:crafting_table":7,"minecraft:white_bed":3,"minecraft:wooden_axe":7,"minecraft:birch_sapling":4,"minecraft:iron_pickaxe":3,"minecraft:iron_boots":1,"minecraft:stone_axe":81,"minecraft:cobblestone":7,"minecraft:furnace":3},"minecraft:dropped":{"minecraft:furnace":1,"minecraft:stone_axe":1,"minecraft:birch_planks":5,"minecraft:coal":27,"minecraft:dirt":10,"minecraft:torch":15,"minecraft:andesite":1,"minecraft:birch_door":1,"minecraft:wooden_pickaxe":1,"minecraft:iron_pickaxe":1},"minecraft:picked_up":{"minecraft:birch_log":62,"minecraft:birch_door":1,"minecraft:crafting_table":5,"minecraft:feather":15,"minecraft:chicken":18,"minecraft:andesite":1,"minecraft:salmon":6,"minecraft:leather":14,"minecraft:wooden_pickaxe":2,"minecraft:pink_wool":1,"minecraft:birch_planks":71,"minecraft:oak_log":31,"minecraft:dirt":11,"minecraft:string":3,"minecraft:raw_copper":51,"minecraft:cooked_mutton":4,"minecraft:white_carpet":1,"minecraft:acacia_planks":2,"minecraft:wheat_seeds":11,"minecraft:spruce_planks":2,"minecraft:beef":28,"minecraft:stone_pickaxe":3,"minecraft:iron_pickaxe":1,"minecraft:light_gray_wool":1,"minecraft:chest":4,"minecraft:birch_sapling":4,"minecraft:oak_planks":60,"minecraft:egg":4,"minecraft:furnace":3,"minecraft:stick":5,"minecraft:raw_iron":14,"minecraft:acacia_fence":1,"minecraft:cooked_porkchop":2,"minecraft:torch":15,"minecraft:porkchop":40,"minecraft:white_bed":3,"minecraft:spruce_log":4,"minecraft:acacia_stairs":1,"minecraft:arrow":2,"minecraft:stone_axe":1,"minecraft:oak_sapling":3,"minecraft:black_wool":4,"minecraft:melon_seeds":1,"minecraft:mutton":47,"minecraft:coal":109,"minecraft:white_wool":28,"minecraft:cobblestone":143}},"DataVersion":3465}