{"stats":{"minecraft:broken":{"minecraft:stone_sword":1},"minecraft:custom":{"minecraft:interact_with_furnace":25,"minecraft:mob_kills":91,"minecraft:interact_with_crafting_table":11,"minecraft:leave_game":2,"minecraft:time_since_death":0,"minecraft:sleep_in_bed":3,"minecraft:time_since_rest":419,"minecraft:sprint_one_cm":158984,"minecraft:damage_taken":754,"minecraft:walk_one_cm":296824,"minecraft:drop":36,"minecraft:damage_dealt":7288,"minecraft:talked_to_villager":1,"minecraft:fly_one_cm":232164,"minecraft:player_kills":1,"minecraft:open_chest":8,"minecraft:crouch_one_cm":2160,"minecraft:play_time":54645,"minecraft:deaths":2,"minecraft:sneak_time":920,"minecraft:walk_under_water_one_cm":5738,"minecraft:jump":1220,"minecraft:interact_with_brewingstand":1,"minecraft:walk_on_water_one_cm":5368,"minecraft:total_world_time":54645,"minecraft:fall_one_cm":24456},"minecraft:crafted":{"minecraft:oak_planks":124,"minecraft:cooked_porkchop":2,"minecraft:crafting_table":2,"minecraft:spruce_planks":16,"minecraft:wooden_pickaxe":1,"minecraft:furnace":2,"minecraft:cooked_salmon":3,"minecraft:birch_planks":124,"minecraft:stone_axe":2,"minecraft:cooked_mutton":10,"minecraft:air":0,"minecraft:stick":8,"minecraft:iron_ingot":7,"minecraft:stone_pickaxe":1,"minecraft:stone_sword":2,"minecraft:chest":2,"minecraft:white_bed":1},"minecraft:mined":{"minecraft:spruce_planks":1,"minecraft:white_bed":2,"minecraft:crafting_table":3,"minecraft:tall_grass":5,"minecraft:copper_ore":15,"minecraft:birch_planks":1,"minecraft:furnace":1,"minecraft:birch_log":31,"minecraft:iron_ore":7,"minecraft:spruce_log":6,"minecraft:birch_leaves":1,"minecraft:grass":64,"minecraft:oak_log":31,"minecraft:coal_ore":24,"minecraft:dirt":2,"minecraft:stone":57},"minecraft:killed":{"minecraft:pig":22,"minecraft:salmon":3,"minecraft:spider":1,"minecraft:sheep":29,"minecraft:chicken":18,"minecraft:cow":17},"minecraft:killed_by":{"minecraft:player":1,"minecraft:zombie":1},"minecraft:used":{"minecraft:cooked_mutton":6,"minecraft:stone_sword":177,"minecraft:stone_pickaxe":95,"minecraft:chest":2,"minecraft:spruce_planks":1,"minecraft:wooden_pickaxe":43,"minecraft:cooked_salmon":2,"minecraft:dirt":1,"minecraft:crafting_table":6,"minecraft:white_bed":2,"minecraft:birch_sapling":4,"minecraft:stone_axe":81,"minecraft:cobblestone":7,"minecraft:furnace":2},"minecraft:dropped":{"minecraft:furnace":1,"minecraft:stone_axe":1,"minecraft:birch_planks":5,"minecraft:coal":27,"minecraft:dirt":10,"minecraft:torch":15,"minecraft:andesite":1,"minecraft:birch_door":1,"minecraft:wooden_pickaxe":1,"minecraft:iron_pickaxe":1},"minecraft:picked_up":{"minecraft:birch_log":62,"minecraft:birch_door":1,"minecraft:crafting_table":4,"minecraft:feather":15,"minecraft:chicken":18,"minecraft:salmon":6,"minecraft:andesite":1,"minecraft:leather":14,"minecraft:wooden_pickaxe":2,"minecraft:pink_wool":1,"minecraft:birch_planks":7,"minecraft:oak_log":31,"minecraft:dirt":11,"minecraft:string":2,"minecraft:raw_copper":51,"minecraft:cooked_mutton":4,"minecraft:acacia_planks":1,"minecraft:wheat_seeds":10,"minecraft:spruce_planks":1,"minecraft:beef":28,"minecraft:stone_pickaxe":3,"minecraft:iron_pickaxe":1,"minecraft:light_gray_wool":1,"minecraft:birch_sapling":4,"minecraft:oak_planks":60,"minecraft:egg":4,"minecraft:furnace":2,"minecraft:stick":5,"minecraft:raw_iron":14,"minecraft:cooked_porkchop":2,"minecraft:torch":15,"minecraft:porkchop":40,"minecraft:white_bed":3,"minecraft:spruce_log":4,"minecraft:arrow":2,"minecraft:stone_axe":1,"minecraft:oak_sapling":2,"minecraft:melon_seeds":1,"minecraft:black_wool":3,"minecraft:mutton":47,"minecraft:coal":86,"minecraft:white_wool":28,"minecraft:cobblestone":143}},"DataVersion":3465}