{"stats":{"minecraft:custom":{"minecraft:interact_with_furnace":24,"minecraft:mob_kills":24,"minecraft:interact_with_crafting_table":11,"minecraft:leave_game":1,"minecraft:time_since_death":13410,"minecraft:sleep_in_bed":3,"minecraft:time_since_rest":1256,"minecraft:sprint_one_cm":95007,"minecraft:damage_taken":554,"minecraft:walk_one_cm":231818,"minecraft:drop":36,"minecraft:damage_dealt":1908,"minecraft:talked_to_villager":1,"minecraft:fly_one_cm":115398,"minecraft:player_kills":1,"minecraft:open_chest":7,"minecraft:crouch_one_cm":1636,"minecraft:play_time":40764,"minecraft:deaths":1,"minecraft:sneak_time":730,"minecraft:walk_under_water_one_cm":5492,"minecraft:jump":736,"minecraft:interact_with_brewingstand":1,"minecraft:walk_on_water_one_cm":4029,"minecraft:total_world_time":40764,"minecraft:fall_one_cm":15860},"minecraft:crafted":{"minecraft:oak_planks":124,"minecraft:cooked_porkchop":2,"minecraft:crafting_table":2,"minecraft:spruce_planks":16,"minecraft:wooden_pickaxe":1,"minecraft:furnace":2,"minecraft:cooked_salmon":3,"minecraft:birch_planks":124,"minecraft:stone_axe":2,"minecraft:cooked_mutton":10,"minecraft:air":0,"minecraft:stick":8,"minecraft:iron_ingot":7,"minecraft:stone_pickaxe":1,"minecraft:stone_sword":2,"minecraft:chest":2,"minecraft:white_bed":1},"minecraft:mined":{"minecraft:spruce_planks":1,"minecraft:white_bed":2,"minecraft:crafting_table":3,"minecraft:tall_grass":2,"minecraft:copper_ore":6,"minecraft:birch_planks":1,"minecraft:furnace":1,"minecraft:birch_log":31,"minecraft:iron_ore":7,"minecraft:spruce_log":6,"minecraft:birch_leaves":1,"minecraft:grass":39,"minecraft:oak_log":31,"minecraft:coal_ore":21,"minecraft:dirt":2,"minecraft:stone":49},"minecraft:killed":{"minecraft:pig":5,"minecraft:salmon":3,"minecraft:spider":1,"minecraft:sheep":13,"minecraft:chicken":1},"minecraft:killed_by":{"minecraft:player":1},"minecraft:used":{"minecraft:cooked_mutton":6,"minecraft:stone_sword":46,"minecraft:stone_pickaxe":74,"minecraft:chest":2,"minecraft:spruce_planks":1,"minecraft:wooden_pickaxe":43,"minecraft:dirt":1,"minecraft:crafting_table":6,"minecraft:white_bed":2,"minecraft:birch_sapling":4,"minecraft:stone_axe":65,"minecraft:cobblestone":7,"minecraft:furnace":2},"minecraft:dropped":{"minecraft:furnace":1,"minecraft:stone_axe":1,"minecraft:birch_planks":5,"minecraft:coal":27,"minecraft:dirt":10,"minecraft:torch":15,"minecraft:andesite":1,"minecraft:birch_door":1,"minecraft:wooden_pickaxe":1,"minecraft:iron_pickaxe":1},"minecraft:picked_up":{"minecraft:birch_log":62,"minecraft:birch_door":1,"minecraft:crafting_table":4,"minecraft:chicken":1,"minecraft:salmon":6,"minecraft:andesite":1,"minecraft:wooden_pickaxe":2,"minecraft:birch_planks":7,"minecraft:oak_log":31,"minecraft:dirt":11,"minecraft:string":2,"minecraft:raw_copper":23,"minecraft:cooked_mutton":4,"minecraft:acacia_planks":1,"minecraft:wheat_seeds":5,"minecraft:spruce_planks":1,"minecraft:stone_pickaxe":3,"minecraft:iron_pickaxe":1,"minecraft:birch_sapling":4,"minecraft:oak_planks":60,"minecraft:egg":1,"minecraft:furnace":2,"minecraft:stick":5,"minecraft:raw_iron":14,"minecraft:cooked_porkchop":2,"minecraft:torch":15,"minecraft:porkchop":9,"minecraft:white_bed":3,"minecraft:spruce_log":4,"minecraft:arrow":2,"minecraft:stone_axe":1,"minecraft:oak_sapling":2,"minecraft:black_wool":3,"minecraft:mutton":24,"minecraft:coal":83,"minecraft:white_wool":14,"minecraft:cobblestone":135}},"DataVersion":3465}