{"stats":{"minecraft:custom":{"minecraft:time_since_rest":4765,"minecraft:crouch_one_cm":93,"minecraft:play_time":4765,"minecraft:sprint_one_cm":6063,"minecraft:damage_taken":20,"minecraft:walk_one_cm":21543,"minecraft:sneak_time":53,"minecraft:jump":114,"minecraft:time_since_death":4765,"minecraft:walk_on_water_one_cm":244,"minecraft:total_world_time":4765,"minecraft:fall_one_cm":1720,"minecraft:interact_with_crafting_table":4,"minecraft:fly_one_cm":10105},"minecraft:crafted":{"minecraft:crafting_table":1,"minecraft:spruce_planks":16,"minecraft:stick":4,"minecraft:wooden_pickaxe":1},"minecraft:mined":{"minecraft:coal_ore":2,"minecraft:dirt":2,"minecraft:stone":10,"minecraft:spruce_log":6},"minecraft:used":{"minecraft:dirt":1,"minecraft:cobblestone":1,"minecraft:crafting_table":1,"minecraft:spruce_planks":1,"minecraft:wooden_pickaxe":13},"minecraft:picked_up":{"minecraft:spruce_log":4,"minecraft:coal":2,"minecraft:dirt":1,"minecraft:cobblestone":8}},"DataVersion":3465}