{"stats":{"minecraft:custom":{"minecraft:interact_with_furnace":9,"minecraft:mob_kills":12,"minecraft:interact_with_crafting_table":7,"minecraft:leave_game":1,"minecraft:time_since_death":1410,"minecraft:sleep_in_bed":1,"minecraft:time_since_rest":1591,"minecraft:sprint_one_cm":56829,"minecraft:damage_taken":484,"minecraft:walk_one_cm":180300,"minecraft:drop":36,"minecraft:damage_dealt":970,"minecraft:fly_one_cm":55973,"minecraft:player_kills":1,"minecraft:open_chest":1,"minecraft:crouch_one_cm":1497,"minecraft:play_time":28764,"minecraft:deaths":1,"minecraft:sneak_time":684,"minecraft:walk_under_water_one_cm":5492,"minecraft:jump":465,"minecraft:interact_with_brewingstand":1,"minecraft:walk_on_water_one_cm":4029,"minecraft:total_world_time":28764,"minecraft:fall_one_cm":7729},"minecraft:crafted":{"minecraft:oak_planks":124,"minecraft:cooked_porkchop":2,"minecraft:crafting_table":2,"minecraft:spruce_planks":16,"minecraft:wooden_pickaxe":1,"minecraft:furnace":1,"minecraft:stone_axe":1,"minecraft:cooked_mutton":8,"minecraft:air":0,"minecraft:stick":8,"minecraft:stone_pickaxe":1,"minecraft:stone_sword":1,"minecraft:white_bed":1},"minecraft:mined":{"minecraft:spruce_planks":1,"minecraft:white_bed":1,"minecraft:crafting_table":3,"minecraft:copper_ore":6,"minecraft:birch_planks":1,"minecraft:furnace":1,"minecraft:birch_log":31,"minecraft:iron_ore":7,"minecraft:spruce_log":6,"minecraft:oak_log":31,"minecraft:coal_ore":21,"minecraft:dirt":2,"minecraft:stone":49},"minecraft:killed":{"minecraft:pig":1,"minecraft:salmon":3,"minecraft:spider":1,"minecraft:sheep":7},"minecraft:killed_by":{"minecraft:player":1},"minecraft:used":{"minecraft:cooked_mutton":4,"minecraft:stone_sword":25,"minecraft:stone_pickaxe":45,"minecraft:spruce_planks":1,"minecraft:wooden_pickaxe":43,"minecraft:dirt":1,"minecraft:crafting_table":5,"minecraft:white_bed":1,"minecraft:birch_sapling":4,"minecraft:stone_axe":65,"minecraft:cobblestone":7,"minecraft:furnace":1},"minecraft:dropped":{"minecraft:furnace":1,"minecraft:stone_axe":1,"minecraft:birch_planks":5,"minecraft:coal":27,"minecraft:dirt":10,"minecraft:torch":15,"minecraft:andesite":1,"minecraft:birch_door":1,"minecraft:wooden_pickaxe":1,"minecraft:iron_pickaxe":1},"minecraft:picked_up":{"minecraft:birch_log":31,"minecraft:birch_door":1,"minecraft:crafting_table":4,"minecraft:salmon":3,"minecraft:andesite":1,"minecraft:wooden_pickaxe":1,"minecraft:birch_planks":6,"minecraft:oak_log":31,"minecraft:dirt":11,"minecraft:string":1,"minecraft:raw_copper":23,"minecraft:spruce_planks":1,"minecraft:stone_pickaxe":1,"minecraft:iron_pickaxe":1,"minecraft:birch_sapling":4,"minecraft:furnace":2,"minecraft:stick":2,"minecraft:raw_iron":7,"minecraft:torch":15,"minecraft:porkchop":2,"minecraft:white_bed":1,"minecraft:spruce_log":4,"minecraft:stone_axe":1,"minecraft:oak_sapling":1,"minecraft:black_wool":1,"minecraft:mutton":10,"minecraft:coal":56,"minecraft:white_wool":6,"minecraft:cobblestone":79}},"DataVersion":3465}