{"stats":{"minecraft:custom":{"minecraft:time_since_rest":170,"minecraft:interact_with_furnace":11,"minecraft:sprint_one_cm":56733,"minecraft:damage_taken":460,"minecraft:walk_one_cm":102138,"minecraft:mob_kills":5,"minecraft:drop":1,"minecraft:damage_dealt":476,"minecraft:player_kills":1,"minecraft:swim_one_cm":2122,"minecraft:interact_with_crafting_table":13,"minecraft:fly_one_cm":39365,"minecraft:open_chest":7,"minecraft:crouch_one_cm":909,"minecraft:play_time":32359,"minecraft:deaths":1,"minecraft:sneak_time":383,"minecraft:walk_under_water_one_cm":545,"minecraft:jump":362,"minecraft:time_since_death":1882,"minecraft:walk_on_water_one_cm":226,"minecraft:sleep_in_bed":2,"minecraft:total_world_time":32359,"minecraft:fall_one_cm":8596},"minecraft:crafted":{"minecraft:crafting_table":2,"minecraft:stick":8,"minecraft:cooked_chicken":3,"minecraft:wooden_pickaxe":1,"minecraft:iron_ingot":8,"minecraft:iron_pickaxe":1,"minecraft:stone_pickaxe":1,"minecraft:furnace":2,"minecraft:birch_planks":172,"minecraft:stone_axe":1,"minecraft:air":0},"minecraft:mined":{"minecraft:hay_block":1,"minecraft:birch_planks":1,"minecraft:furnace":1,"minecraft:iron_ore":8,"minecraft:birch_log":54,"minecraft:birch_leaves":1,"minecraft:andesite":1,"minecraft:crafting_table":1,"minecraft:acacia_log":5,"minecraft:oak_log":11,"minecraft:coal_ore":62,"minecraft:dirt_path":4,"minecraft:dirt":5,"minecraft:cobblestone":6,"minecraft:stone":42,"minecraft:oak_leaves":1},"minecraft:killed":{"minecraft:chicken":5},"minecraft:killed_by":{"minecraft:player":1},"minecraft:used":{"minecraft:birch_planks":101,"minecraft:stone_pickaxe":23,"minecraft:iron_pickaxe":101,"minecraft:wooden_pickaxe":4,"minecraft:cooked_chicken":3,"minecraft:stone_axe":73,"minecraft:dirt":2,"minecraft:cobblestone":11,"minecraft:crafting_table":3,"minecraft:furnace":3},"minecraft:dropped":{"minecraft:iron_pickaxe":1},"minecraft:picked_up":{"minecraft:birch_log":65,"minecraft:stick":2,"minecraft:raw_iron":8,"minecraft:crafting_table":1,"minecraft:feather":14,"minecraft:chicken":5,"minecraft:wooden_pickaxe":1,"minecraft:acacia_log":8,"minecraft:birch_planks":67,"minecraft:oak_log":22,"minecraft:dirt":16,"minecraft:raw_copper":23,"minecraft:stone_sword":1,"minecraft:apple":2,"minecraft:stone_axe":2,"minecraft:hay_block":1,"minecraft:stone_pickaxe":1,"minecraft:iron_ingot":5,"minecraft:iron_pickaxe":2,"minecraft:oak_sapling":2,"minecraft:oak_planks":61,"minecraft:birch_sapling":2,"minecraft:coal":54,"minecraft:cobblestone":59,"minecraft:furnace":1}},"DataVersion":3465}