{"stats":{"minecraft:custom":{"minecraft:time_since_rest":8359,"minecraft:interact_with_furnace":4,"minecraft:sprint_one_cm":8882,"minecraft:damage_taken":60,"minecraft:walk_one_cm":29063,"minecraft:mob_kills":1,"minecraft:damage_dealt":40,"minecraft:swim_one_cm":2122,"minecraft:interact_with_crafting_table":8,"minecraft:fly_one_cm":5605,"minecraft:crouch_one_cm":603,"minecraft:play_time":8359,"minecraft:sneak_time":285,"minecraft:walk_under_water_one_cm":545,"minecraft:jump":91,"minecraft:time_since_death":8359,"minecraft:walk_on_water_one_cm":226,"minecraft:total_world_time":8359,"minecraft:fall_one_cm":2305},"minecraft:crafted":{"minecraft:crafting_table":1,"minecraft:stick":8,"minecraft:wooden_pickaxe":1,"minecraft:iron_ingot":4,"minecraft:iron_pickaxe":1,"minecraft:stone_pickaxe":1,"minecraft:furnace":1,"minecraft:birch_planks":40,"minecraft:stone_axe":1,"minecraft:air":0},"minecraft:mined":{"minecraft:furnace":1,"minecraft:iron_ore":8,"minecraft:birch_log":10,"minecraft:crafting_table":1,"minecraft:coal_ore":57,"minecraft:stone":41},"minecraft:killed":{"minecraft:chicken":1},"minecraft:used":{"minecraft:stone_pickaxe":23,"minecraft:iron_pickaxe":85,"minecraft:wooden_pickaxe":4,"minecraft:stone_axe":2,"minecraft:cobblestone":2,"minecraft:crafting_table":1,"minecraft:furnace":1},"minecraft:picked_up":{"minecraft:birch_log":10,"minecraft:raw_iron":8,"minecraft:crafting_table":1,"minecraft:feather":1,"minecraft:chicken":1,"minecraft:birch_planks":12,"minecraft:coal":51,"minecraft:cobblestone":40,"minecraft:furnace":1}},"DataVersion":3465}