{"stats":{"minecraft:custom":{"minecraft:interact_with_furnace":12,"minecraft:mob_kills":6,"minecraft:interact_with_crafting_table":15,"minecraft:time_since_death":13882,"minecraft:sleep_in_bed":3,"minecraft:time_since_rest":1256,"minecraft:sprint_one_cm":71778,"minecraft:damage_taken":485,"minecraft:walk_one_cm":140771,"minecraft:drop":1,"minecraft:damage_dealt":828,"minecraft:swim_one_cm":2122,"minecraft:fly_one_cm":50226,"minecraft:player_kills":1,"minecraft:open_chest":8,"minecraft:crouch_one_cm":1311,"minecraft:play_time":44359,"minecraft:deaths":1,"minecraft:sneak_time":502,"minecraft:walk_under_water_one_cm":545,"minecraft:jump":482,"minecraft:walk_on_water_one_cm":226,"minecraft:total_world_time":44359,"minecraft:fall_one_cm":10982},"minecraft:crafted":{"minecraft:crafting_table":3,"minecraft:wooden_pickaxe":1,"minecraft:cooked_chicken":3,"minecraft:furnace":3,"minecraft:birch_planks":172,"minecraft:stone_axe":1,"minecraft:air":0,"minecraft:stick":12,"minecraft:iron_ingot":8,"minecraft:iron_pickaxe":1,"minecraft:stone_pickaxe":1,"minecraft:iron_shovel":1},"minecraft:mined":{"minecraft:orange_terracotta":4,"minecraft:crafting_table":1,"minecraft:acacia_log":12,"minecraft:grass_block":6,"minecraft:cobblestone":6,"minecraft:hay_block":1,"minecraft:birch_planks":1,"minecraft:furnace":1,"minecraft:birch_log":54,"minecraft:iron_ore":8,"minecraft:acacia_stairs":4,"minecraft:andesite":1,"minecraft:orange_stained_glass_pane":2,"minecraft:birch_leaves":1,"minecraft:yellow_stained_glass_pane":2,"minecraft:grass":19,"minecraft:coal_ore":62,"minecraft:oak_log":11,"minecraft:dirt_path":9,"minecraft:dirt":39,"minecraft:acacia_planks":4,"minecraft:stone":59,"minecraft:oak_leaves":1},"minecraft:killed":{"minecraft:zombie":1,"minecraft:chicken":5},"minecraft:killed_by":{"minecraft:player":1},"minecraft:used":{"minecraft:iron_shovel":55,"minecraft:birch_planks":155,"minecraft:stone_pickaxe":23,"minecraft:wooden_pickaxe":4,"minecraft:cooked_chicken":3,"minecraft:dirt":32,"minecraft:crafting_table":4,"minecraft:iron_pickaxe":124,"minecraft:stone_axe":96,"minecraft:cobblestone":11,"minecraft:furnace":4},"minecraft:dropped":{"minecraft:iron_pickaxe":1},"minecraft:picked_up":{"minecraft:birch_log":65,"minecraft:crafting_table":1,"minecraft:feather":14,"minecraft:chicken":5,"minecraft:wooden_pickaxe":1,"minecraft:birch_planks":67,"minecraft:oak_log":22,"minecraft:dirt":61,"minecraft:raw_copper":23,"minecraft:orange_terracotta":4,"minecraft:acacia_planks":3,"minecraft:apple":2,"minecraft:wheat_seeds":2,"minecraft:iron_ingot":5,"minecraft:stone_pickaxe":1,"minecraft:iron_pickaxe":2,"minecraft:birch_sapling":2,"minecraft:oak_planks":61,"minecraft:furnace":1,"minecraft:stick":2,"minecraft:raw_iron":8,"minecraft:torch":2,"minecraft:acacia_log":15,"minecraft:acacia_stairs":4,"minecraft:stone_sword":1,"minecraft:stone_axe":2,"minecraft:hay_block":1,"minecraft:oak_sapling":2,"minecraft:coal":54,"minecraft:cobblestone":76}},"DataVersion":3465}