{"stats":{"minecraft:broken":{"minecraft:stone_axe":1},"minecraft:custom":{"minecraft:interact_with_furnace":12,"minecraft:mob_kills":7,"minecraft:interact_with_crafting_table":17,"minecraft:time_since_death":25882,"minecraft:sleep_in_bed":3,"minecraft:time_since_rest":13256,"minecraft:sprint_one_cm":95611,"minecraft:damage_taken":665,"minecraft:walk_one_cm":172412,"minecraft:drop":1,"minecraft:damage_dealt":979,"minecraft:swim_one_cm":2505,"minecraft:fly_one_cm":80728,"minecraft:player_kills":1,"minecraft:open_chest":10,"minecraft:crouch_one_cm":1886,"minecraft:play_time":56359,"minecraft:deaths":1,"minecraft:sneak_time":679,"minecraft:walk_under_water_one_cm":1667,"minecraft:jump":719,"minecraft:walk_on_water_one_cm":3001,"minecraft:total_world_time":56359,"minecraft:fall_one_cm":19164},"minecraft:crafted":{"minecraft:crafting_table":3,"minecraft:wooden_pickaxe":1,"minecraft:cooked_chicken":3,"minecraft:furnace":3,"minecraft:birch_planks":184,"minecraft:stone_axe":1,"minecraft:bread":6,"minecraft:air":0,"minecraft:stick":12,"minecraft:iron_ingot":8,"minecraft:iron_pickaxe":1,"minecraft:stone_pickaxe":1,"minecraft:iron_shovel":1,"minecraft:acacia_planks":88,"minecraft:torch":4,"minecraft:stone_hoe":1,"minecraft:wheat":18},"minecraft:mined":{"minecraft:acacia_leaves":2,"minecraft:orange_terracotta":4,"minecraft:crafting_table":1,"minecraft:acacia_log":44,"minecraft:grass_block":9,"minecraft:cobblestone":6,"minecraft:hay_block":13,"minecraft:birch_planks":31,"minecraft:furnace":1,"minecraft:birch_log":54,"minecraft:iron_ore":9,"minecraft:acacia_stairs":5,"minecraft:andesite":1,"minecraft:orange_stained_glass_pane":2,"minecraft:birch_leaves":1,"minecraft:yellow_stained_glass_pane":2,"minecraft:grass":19,"minecraft:coal_ore":77,"minecraft:oak_log":11,"minecraft:dirt_path":9,"minecraft:dirt":44,"minecraft:acacia_planks":4,"minecraft:stone":77,"minecraft:oak_leaves":1},"minecraft:killed":{"minecraft:zombie":1,"minecraft:chicken":5},"minecraft:killed_by":{"minecraft:player":1},"minecraft:used":{"minecraft:iron_shovel":63,"minecraft:birch_planks":159,"minecraft:stone_pickaxe":23,"minecraft:wooden_pickaxe":4,"minecraft:stone_hoe":12,"minecraft:cooked_chicken":3,"minecraft:torch":6,"minecraft:dirt":41,"minecraft:crafting_table":4,"minecraft:bread":3,"minecraft:iron_pickaxe":160,"minecraft:stone_axe":163,"minecraft:cobblestone":11,"minecraft:furnace":4,"minecraft:acacia_planks":30},"minecraft:dropped":{"minecraft:iron_pickaxe":1},"minecraft:picked_up":{"minecraft:birch_log":65,"minecraft:crafting_table":1,"minecraft:feather":14,"minecraft:chicken":5,"minecraft:wooden_pickaxe":1,"minecraft:birch_planks":96,"minecraft:oak_log":22,"minecraft:dirt":69,"minecraft:raw_copper":23,"minecraft:orange_terracotta":4,"minecraft:acacia_planks":3,"minecraft:apple":2,"minecraft:wheat_seeds":2,"minecraft:iron_ingot":5,"minecraft:stone_pickaxe":1,"minecraft:iron_pickaxe":2,"minecraft:birch_sapling":2,"minecraft:oak_planks":61,"minecraft:furnace":1,"minecraft:stick":2,"minecraft:raw_iron":9,"minecraft:torch":2,"minecraft:acacia_log":47,"minecraft:acacia_stairs":4,"minecraft:stone_sword":1,"minecraft:rotten_flesh":2,"minecraft:stone_axe":2,"minecraft:hay_block":13,"minecraft:oak_sapling":2,"minecraft:coal":69,"minecraft:cobblestone":93}},"DataVersion":3465}