{"stats":{"minecraft:custom":{"minecraft:time_since_rest":20359,"minecraft:interact_with_furnace":11,"minecraft:sprint_one_cm":32020,"minecraft:damage_taken":290,"minecraft:walk_one_cm":69092,"minecraft:mob_kills":5,"minecraft:drop":1,"minecraft:damage_dealt":276,"minecraft:swim_one_cm":2122,"minecraft:interact_with_crafting_table":9,"minecraft:fly_one_cm":20386,"minecraft:crouch_one_cm":714,"minecraft:play_time":20359,"minecraft:sneak_time":291,"minecraft:walk_under_water_one_cm":545,"minecraft:jump":211,"minecraft:time_since_death":20359,"minecraft:walk_on_water_one_cm":226,"minecraft:total_world_time":20359,"minecraft:fall_one_cm":4825},"minecraft:crafted":{"minecraft:crafting_table":1,"minecraft:stick":8,"minecraft:cooked_chicken":3,"minecraft:wooden_pickaxe":1,"minecraft:iron_ingot":8,"minecraft:iron_pickaxe":1,"minecraft:stone_pickaxe":1,"minecraft:furnace":2,"minecraft:birch_planks":40,"minecraft:stone_axe":1,"minecraft:air":0},"minecraft:mined":{"minecraft:furnace":1,"minecraft:iron_ore":8,"minecraft:birch_log":54,"minecraft:birch_leaves":1,"minecraft:andesite":1,"minecraft:crafting_table":1,"minecraft:oak_log":11,"minecraft:coal_ore":62,"minecraft:dirt":2,"minecraft:cobblestone":6,"minecraft:stone":42,"minecraft:oak_leaves":1},"minecraft:killed":{"minecraft:chicken":5},"minecraft:used":{"minecraft:stone_pickaxe":23,"minecraft:iron_pickaxe":101,"minecraft:wooden_pickaxe":4,"minecraft:cooked_chicken":3,"minecraft:stone_axe":63,"minecraft:dirt":2,"minecraft:cobblestone":11,"minecraft:crafting_table":2,"minecraft:furnace":3},"minecraft:dropped":{"minecraft:iron_pickaxe":1},"minecraft:picked_up":{"minecraft:birch_log":54,"minecraft:stick":1,"minecraft:raw_iron":8,"minecraft:crafting_table":1,"minecraft:feather":7,"minecraft:chicken":5,"minecraft:birch_planks":12,"minecraft:oak_log":11,"minecraft:dirt":2,"minecraft:apple":1,"minecraft:iron_pickaxe":1,"minecraft:oak_sapling":1,"minecraft:birch_sapling":1,"minecraft:coal":54,"minecraft:cobblestone":46,"minecraft:furnace":1}},"DataVersion":3465}