{"stats":{"minecraft:broken":{"minecraft:stone_axe":1},"minecraft:custom":{"minecraft:interact_with_furnace":12,"minecraft:mob_kills":7,"minecraft:interact_with_crafting_table":18,"minecraft:leave_game":1,"minecraft:time_since_death":33826,"minecraft:sleep_in_bed":3,"minecraft:time_since_rest":21200,"minecraft:sprint_one_cm":109859,"minecraft:damage_taken":795,"minecraft:walk_one_cm":200456,"minecraft:drop":1,"minecraft:damage_dealt":1107,"minecraft:swim_one_cm":2918,"minecraft:fly_one_cm":95426,"minecraft:player_kills":1,"minecraft:open_chest":11,"minecraft:crouch_one_cm":3056,"minecraft:play_time":64303,"minecraft:deaths":1,"minecraft:sneak_time":980,"minecraft:walk_under_water_one_cm":2274,"minecraft:jump":887,"minecraft:walk_on_water_one_cm":4583,"minecraft:total_world_time":64303,"minecraft:fall_one_cm":21397},"minecraft:crafted":{"minecraft:crafting_table":3,"minecraft:wooden_pickaxe":1,"minecraft:cooked_chicken":3,"minecraft:furnace":3,"minecraft:birch_planks":184,"minecraft:stone_axe":1,"minecraft:bread":6,"minecraft:air":0,"minecraft:stick":16,"minecraft:iron_ingot":8,"minecraft:iron_pickaxe":1,"minecraft:stone_pickaxe":1,"minecraft:iron_shovel":1,"minecraft:acacia_planks":88,"minecraft:torch":20,"minecraft:stone_hoe":1,"minecraft:wheat":18},"minecraft:mined":{"minecraft:acacia_leaves":2,"minecraft:orange_terracotta":4,"minecraft:crafting_table":1,"minecraft:acacia_log":44,"minecraft:grass_block":9,"minecraft:copper_ore":3,"minecraft:cobblestone":6,"minecraft:diorite":1,"minecraft:hay_block":13,"minecraft:birch_planks":31,"minecraft:furnace":1,"minecraft:birch_log":54,"minecraft:iron_ore":14,"minecraft:acacia_stairs":5,"minecraft:andesite":1,"minecraft:orange_stained_glass_pane":2,"minecraft:birch_leaves":1,"minecraft:yellow_stained_glass_pane":2,"minecraft:grass":19,"minecraft:coal_ore":110,"minecraft:oak_log":11,"minecraft:dirt_path":9,"minecraft:dirt":44,"minecraft:acacia_planks":4,"minecraft:stone":81,"minecraft:oak_leaves":1},"minecraft:killed":{"minecraft:zombie":1,"minecraft:chicken":5},"minecraft:killed_by":{"minecraft:player":1},"minecraft:used":{"minecraft:iron_shovel":63,"minecraft:birch_planks":186,"minecraft:stone_pickaxe":23,"minecraft:wooden_pickaxe":4,"minecraft:stone_hoe":12,"minecraft:cooked_chicken":3,"minecraft:torch":19,"minecraft:dirt":62,"minecraft:crafting_table":4,"minecraft:bread":6,"minecraft:iron_pickaxe":209,"minecraft:stone_axe":163,"minecraft:cobblestone":11,"minecraft:furnace":4,"minecraft:acacia_planks":30},"minecraft:dropped":{"minecraft:iron_pickaxe":1},"minecraft:picked_up":{"minecraft:birch_log":65,"minecraft:crafting_table":1,"minecraft:feather":14,"minecraft:chicken":5,"minecraft:wooden_pickaxe":1,"minecraft:birch_planks":96,"minecraft:oak_log":22,"minecraft:dirt":69,"minecraft:raw_copper":31,"minecraft:orange_terracotta":4,"minecraft:acacia_planks":3,"minecraft:apple":2,"minecraft:wheat_seeds":2,"minecraft:iron_ingot":5,"minecraft:stone_pickaxe":1,"minecraft:iron_pickaxe":2,"minecraft:birch_sapling":2,"minecraft:oak_planks":61,"minecraft:furnace":1,"minecraft:stick":2,"minecraft:raw_iron":14,"minecraft:torch":2,"minecraft:acacia_log":47,"minecraft:diorite":1,"minecraft:acacia_stairs":4,"minecraft:stone_sword":1,"minecraft:rotten_flesh":2,"minecraft:stone_axe":2,"minecraft:hay_block":13,"minecraft:oak_sapling":2,"minecraft:coal":102,"minecraft:cobblestone":97}},"DataVersion":3465}