{"stats":{"minecraft:custom":{"minecraft:time_since_rest":350,"minecraft:crouch_one_cm":93,"minecraft:sprint_one_cm":8604,"minecraft:play_time":12924,"minecraft:deaths":1,"minecraft:damage_taken":230,"minecraft:walk_one_cm":30394,"minecraft:sneak_time":7,"minecraft:jump":109,"minecraft:damage_dealt":6,"minecraft:leave_game":2,"minecraft:walk_on_water_one_cm":85,"minecraft:time_since_death":0,"minecraft:total_world_time":12924,"minecraft:fall_one_cm":1103,"minecraft:fly_one_cm":6168,"minecraft:horse_one_cm":3705},"minecraft:mined":{"minecraft:hay_block":15,"minecraft:grass":4,"minecraft:acacia_log":9,"minecraft:tall_grass":1},"minecraft:killed_by":{"minecraft:zombie":1},"minecraft:picked_up":{"minecraft:wheat_seeds":1,"minecraft:acacia_log":9,"minecraft:hay_block":15}},"DataVersion":3465}