{"stats":{"minecraft:custom":{"minecraft:jump":76,"minecraft:time_since_rest":6011,"minecraft:leave_game":1,"minecraft:crouch_one_cm":93,"minecraft:damage_taken":30,"minecraft:sprint_one_cm":7402,"minecraft:play_time":6011,"minecraft:walk_on_water_one_cm":85,"minecraft:time_since_death":6011,"minecraft:walk_one_cm":22934,"minecraft:sneak_time":7,"minecraft:total_world_time":6011,"minecraft:fall_one_cm":267,"minecraft:fly_one_cm":5082,"minecraft:horse_one_cm":728},"minecraft:mined":{"minecraft:grass":2,"minecraft:hay_block":15,"minecraft:acacia_log":4,"minecraft:tall_grass":1},"minecraft:picked_up":{"minecraft:hay_block":15,"minecraft:wheat_seeds":1,"minecraft:acacia_log":4}},"DataVersion":3465}