{"stats":{"minecraft:custom":{"minecraft:open_chest":1,"minecraft:time_since_rest":2913,"minecraft:crouch_one_cm":462,"minecraft:sprint_one_cm":10430,"minecraft:play_time":16414,"minecraft:damage_taken":255,"minecraft:deaths":1,"minecraft:walk_one_cm":34047,"minecraft:sneak_time":93,"minecraft:mob_kills":1,"minecraft:jump":122,"minecraft:damage_dealt":32,"minecraft:leave_game":2,"minecraft:walk_on_water_one_cm":85,"minecraft:time_since_death":3249,"minecraft:sleep_in_bed":1,"minecraft:total_world_time":16414,"minecraft:fall_one_cm":1103,"minecraft:fly_one_cm":7033,"minecraft:horse_one_cm":3705},"minecraft:mined":{"minecraft:hay_block":15,"minecraft:grass":4,"minecraft:acacia_log":9,"minecraft:melon":1,"minecraft:tall_grass":1},"minecraft:killed_by":{"minecraft:zombie":1},"minecraft:picked_up":{"minecraft:wheat_seeds":1,"minecraft:acacia_log":9,"minecraft:hay_block":15,"minecraft:melon_slice":4}},"DataVersion":3465}