{"stats":{"minecraft:broken":{"minecraft:stone_axe":1},"minecraft:custom":{"minecraft:interact_with_furnace":7,"minecraft:mob_kills":25,"minecraft:interact_with_crafting_table":10,"minecraft:time_since_death":44748,"minecraft:sleep_in_bed":3,"minecraft:time_since_rest":13256,"minecraft:sprint_one_cm":195058,"minecraft:damage_taken":1166,"minecraft:walk_one_cm":193051,"minecraft:damage_blocked_by_shield":315,"minecraft:damage_dealt":3473,"minecraft:talked_to_villager":2,"minecraft:swim_one_cm":13029,"minecraft:fly_one_cm":368110,"minecraft:open_chest":32,"minecraft:crouch_one_cm":335,"minecraft:play_time":63401,"minecraft:deaths":1,"minecraft:sneak_time":76,"minecraft:walk_under_water_one_cm":4558,"minecraft:jump":1898,"minecraft:interact_with_blast_furnace":6,"minecraft:walk_on_water_one_cm":3441,"minecraft:interact_with_smoker":8,"minecraft:total_world_time":63401,"minecraft:fall_one_cm":54320,"minecraft:horse_one_cm":177274},"minecraft:crafted":{"minecraft:cooked_beef":33,"minecraft:oak_planks":16,"minecraft:crafting_table":2,"minecraft:wooden_pickaxe":1,"minecraft:furnace":1,"minecraft:birch_planks":52,"minecraft:stone_axe":2,"minecraft:air":0,"minecraft:jungle_planks":4,"minecraft:shield":1,"minecraft:stick":28,"minecraft:iron_ingot":4,"minecraft:iron_pickaxe":1,"minecraft:stone_pickaxe":1,"minecraft:chest":4,"minecraft:birch_door":3,"minecraft:acacia_planks":4,"minecraft:torch":68},"minecraft:mined":{"minecraft:smoker":1,"minecraft:brewing_stand":1,"minecraft:crafting_table":2,"minecraft:blast_furnace":1,"minecraft:grass_block":4,"minecraft:jungle_log":1,"minecraft:tall_grass":1,"minecraft:cobblestone":3,"minecraft:sugar_cane":3,"minecraft:wall_torch":1,"minecraft:hay_block":9,"minecraft:furnace":1,"minecraft:birch_log":13,"minecraft:iron_ore":11,"minecraft:andesite":1,"minecraft:grass":7,"minecraft:bookshelf":8,"minecraft:coal_ore":37,"minecraft:oak_log":4,"minecraft:dirt":14,"minecraft:stone":51,"minecraft:oak_leaves":9,"minecraft:orange_bed":2},"minecraft:killed":{"minecraft:witch":1,"minecraft:skeleton":4,"minecraft:zombie":3,"minecraft:cow":16},"minecraft:killed_by":{"minecraft:zombie":1},"minecraft:used":{"minecraft:water_bucket":3,"minecraft:stone_pickaxe":87,"minecraft:shield":16,"minecraft:chest":4,"minecraft:wooden_pickaxe":11,"minecraft:rotten_flesh":2,"minecraft:orange_bed":2,"minecraft:torch":21,"minecraft:dirt":18,"minecraft:crafting_table":3,"minecraft:blast_furnace":1,"minecraft:smoker":1,"minecraft:birch_door":2,"minecraft:bread":18,"minecraft:iron_pickaxe":26,"minecraft:stone_axe":102,"minecraft:cobblestone":2,"minecraft:furnace":2,"minecraft:bucket":4,"minecraft:andesite":1,"minecraft:egg":3,"minecraft:cooked_beef":3},"minecraft:picked_up":{"minecraft:birch_log":13,"minecraft:crafting_table":1,"minecraft:birch_door":1,"minecraft:jungle_log":1,"minecraft:andesite":2,"minecraft:leather":17,"minecraft:wooden_pickaxe":1,"minecraft:smoker":1,"minecraft:birch_planks":5,"minecraft:oak_log":4,"minecraft:brewing_stand":1,"minecraft:dirt":29,"minecraft:bone":3,"minecraft:wheat_seeds":2,"minecraft:beef":32,"minecraft:iron_pickaxe":1,"minecraft:sugar_cane":6,"minecraft:egg":3,"minecraft:furnace":2,"minecraft:book":24,"minecraft:stick":1,"minecraft:raw_iron":11,"minecraft:torch":16,"minecraft:acacia_log":1,"minecraft:blast_furnace":1,"minecraft:spider_eye":2,"minecraft:orange_bed":2,"minecraft:arrow":4,"minecraft:rotten_flesh":6,"minecraft:stone_axe":1,"minecraft:hay_block":9,"minecraft:coal":68,"minecraft:cobblestone":56}},"DataVersion":3465}