{"stats":{"minecraft:custom":{"minecraft:interact_with_furnace":6,"minecraft:mob_kills":7,"minecraft:interact_with_crafting_table":6,"minecraft:time_since_death":8748,"minecraft:time_since_rest":8776,"minecraft:sprint_one_cm":54948,"minecraft:damage_taken":491,"minecraft:walk_one_cm":129412,"minecraft:damage_dealt":1354,"minecraft:swim_one_cm":4907,"minecraft:fly_one_cm":48952,"minecraft:open_chest":4,"minecraft:crouch_one_cm":335,"minecraft:play_time":27401,"minecraft:deaths":1,"minecraft:sneak_time":57,"minecraft:walk_under_water_one_cm":175,"minecraft:jump":619,"minecraft:walk_on_water_one_cm":393,"minecraft:total_world_time":27401,"minecraft:fall_one_cm":13569},"minecraft:crafted":{"minecraft:crafting_table":1,"minecraft:wooden_pickaxe":1,"minecraft:furnace":1,"minecraft:birch_planks":24,"minecraft:stone_axe":1,"minecraft:air":0,"minecraft:stick":12,"minecraft:iron_ingot":3,"minecraft:iron_pickaxe":1,"minecraft:stone_pickaxe":1,"minecraft:birch_door":3,"minecraft:torch":16},"minecraft:mined":{"minecraft:smoker":1,"minecraft:crafting_table":2,"minecraft:blast_furnace":1,"minecraft:grass_block":2,"minecraft:cobblestone":3,"minecraft:sugar_cane":3,"minecraft:wall_torch":1,"minecraft:hay_block":9,"minecraft:furnace":1,"minecraft:birch_log":13,"minecraft:iron_ore":5,"minecraft:andesite":1,"minecraft:grass":1,"minecraft:bookshelf":8,"minecraft:coal_ore":35,"minecraft:oak_log":4,"minecraft:dirt":11,"minecraft:stone":45,"minecraft:oak_leaves":6,"minecraft:orange_bed":1},"minecraft:killed":{"minecraft:witch":1,"minecraft:zombie":2,"minecraft:cow":4},"minecraft:killed_by":{"minecraft:zombie":1},"minecraft:used":{"minecraft:stone_pickaxe":87,"minecraft:wooden_pickaxe":11,"minecraft:rotten_flesh":2,"minecraft:torch":2,"minecraft:dirt":4,"minecraft:crafting_table":2,"minecraft:birch_door":2,"minecraft:bread":4,"minecraft:iron_pickaxe":9,"minecraft:stone_axe":59,"minecraft:cobblestone":1,"minecraft:furnace":1,"minecraft:andesite":1},"minecraft:picked_up":{"minecraft:birch_log":13,"minecraft:crafting_table":1,"minecraft:birch_door":1,"minecraft:andesite":2,"minecraft:leather":6,"minecraft:wooden_pickaxe":1,"minecraft:smoker":1,"minecraft:birch_planks":5,"minecraft:oak_log":4,"minecraft:dirt":24,"minecraft:wheat_seeds":1,"minecraft:beef":8,"minecraft:iron_pickaxe":1,"minecraft:sugar_cane":6,"minecraft:furnace":2,"minecraft:book":24,"minecraft:stick":1,"minecraft:raw_iron":5,"minecraft:torch":16,"minecraft:blast_furnace":1,"minecraft:spider_eye":2,"minecraft:orange_bed":1,"minecraft:rotten_flesh":2,"minecraft:stone_axe":1,"minecraft:hay_block":9,"minecraft:coal":67,"minecraft:cobblestone":50}},"DataVersion":3465}