{"stats":{"minecraft:broken":{"minecraft:stone_axe":1},"minecraft:custom":{"minecraft:interact_with_furnace":7,"minecraft:mob_kills":27,"minecraft:interact_with_crafting_table":10,"minecraft:time_since_death":56748,"minecraft:sleep_in_bed":3,"minecraft:time_since_rest":25256,"minecraft:sprint_one_cm":235745,"minecraft:damage_taken":1336,"minecraft:walk_one_cm":248007,"minecraft:damage_blocked_by_shield":470,"minecraft:damage_dealt":4067,"minecraft:talked_to_villager":2,"minecraft:swim_one_cm":13029,"minecraft:fly_one_cm":394863,"minecraft:open_chest":32,"minecraft:crouch_one_cm":427,"minecraft:play_time":75401,"minecraft:deaths":1,"minecraft:sneak_time":112,"minecraft:walk_under_water_one_cm":4558,"minecraft:jump":2127,"minecraft:interact_with_blast_furnace":6,"minecraft:walk_on_water_one_cm":3832,"minecraft:interact_with_smoker":8,"minecraft:total_world_time":75401,"minecraft:fall_one_cm":63300,"minecraft:horse_one_cm":177274},"minecraft:crafted":{"minecraft:cooked_beef":33,"minecraft:oak_planks":16,"minecraft:crafting_table":2,"minecraft:wooden_pickaxe":1,"minecraft:furnace":1,"minecraft:birch_planks":52,"minecraft:stone_axe":2,"minecraft:air":0,"minecraft:jungle_planks":4,"minecraft:shield":1,"minecraft:stick":28,"minecraft:iron_ingot":4,"minecraft:iron_pickaxe":1,"minecraft:stone_pickaxe":1,"minecraft:chest":4,"minecraft:birch_door":3,"minecraft:acacia_planks":4,"minecraft:torch":68},"minecraft:mined":{"minecraft:deepslate_redstone_ore":2,"minecraft:smoker":1,"minecraft:amethyst_cluster":3,"minecraft:brewing_stand":1,"minecraft:crafting_table":2,"minecraft:granite":1,"minecraft:blast_furnace":1,"minecraft:grass_block":4,"minecraft:calcite":1,"minecraft:jungle_log":1,"minecraft:tall_grass":1,"minecraft:cobblestone":4,"minecraft:deepslate_coal_ore":1,"minecraft:deepslate_gold_ore":3,"minecraft:lapis_ore":2,"minecraft:sugar_cane":3,"minecraft:diorite":2,"minecraft:wall_torch":1,"minecraft:amethyst_block":1,"minecraft:hay_block":9,"minecraft:redstone_ore":18,"minecraft:furnace":1,"minecraft:birch_log":13,"minecraft:iron_ore":61,"minecraft:andesite":1,"minecraft:pointed_dripstone":1,"minecraft:grass":7,"minecraft:bookshelf":8,"minecraft:coal_ore":74,"minecraft:oak_log":4,"minecraft:deepslate_iron_ore":11,"minecraft:dripstone_block":1,"minecraft:dirt":15,"minecraft:smooth_basalt":1,"minecraft:stone":61,"minecraft:gold_ore":2,"minecraft:oak_leaves":9,"minecraft:deepslate":3,"minecraft:orange_bed":2},"minecraft:killed":{"minecraft:witch":1,"minecraft:skeleton":6,"minecraft:zombie":3,"minecraft:cow":16},"minecraft:killed_by":{"minecraft:zombie":1},"minecraft:used":{"minecraft:water_bucket":3,"minecraft:stone_pickaxe":87,"minecraft:shield":21,"minecraft:chest":4,"minecraft:wooden_pickaxe":11,"minecraft:rotten_flesh":2,"minecraft:orange_bed":2,"minecraft:torch":51,"minecraft:dirt":18,"minecraft:crafting_table":3,"minecraft:blast_furnace":1,"minecraft:smoker":1,"minecraft:birch_door":2,"minecraft:bread":18,"minecraft:iron_pickaxe":178,"minecraft:stone_axe":112,"minecraft:cobblestone":17,"minecraft:furnace":2,"minecraft:bucket":4,"minecraft:andesite":1,"minecraft:egg":3,"minecraft:cooked_beef":5},"minecraft:picked_up":{"minecraft:birch_log":13,"minecraft:crafting_table":1,"minecraft:birch_door":1,"minecraft:jungle_log":1,"minecraft:andesite":2,"minecraft:leather":17,"minecraft:wooden_pickaxe":1,"minecraft:smoker":1,"minecraft:birch_planks":5,"minecraft:oak_log":4,"minecraft:brewing_stand":1,"minecraft:amethyst_block":1,"minecraft:lapis_lazuli":16,"minecraft:dirt":30,"minecraft:bone":5,"minecraft:bow":2,"minecraft:wheat_seeds":2,"minecraft:cobbled_deepslate":3,"minecraft:raw_gold":5,"minecraft:beef":32,"minecraft:calcite":1,"minecraft:iron_pickaxe":1,"minecraft:sugar_cane":6,"minecraft:egg":3,"minecraft:furnace":2,"minecraft:book":24,"minecraft:stick":1,"minecraft:raw_iron":72,"minecraft:smooth_basalt":1,"minecraft:torch":16,"minecraft:acacia_log":1,"minecraft:dripstone_block":2,"minecraft:amethyst_shard":12,"minecraft:pointed_dripstone":6,"minecraft:blast_furnace":1,"minecraft:diorite":2,"minecraft:redstone":88,"minecraft:spider_eye":2,"minecraft:orange_bed":2,"minecraft:arrow":8,"minecraft:rotten_flesh":6,"minecraft:stone_axe":1,"minecraft:hay_block":9,"minecraft:granite":1,"minecraft:coal":106,"minecraft:cobblestone":76}},"DataVersion":3465}