{"stats":{"minecraft:custom":{"minecraft:interact_with_furnace":6,"minecraft:mob_kills":20,"minecraft:interact_with_crafting_table":7,"minecraft:time_since_death":32748,"minecraft:sleep_in_bed":3,"minecraft:time_since_rest":1256,"minecraft:sprint_one_cm":144419,"minecraft:damage_taken":921,"minecraft:walk_one_cm":165471,"minecraft:damage_dealt":2754,"minecraft:talked_to_villager":2,"minecraft:swim_one_cm":10015,"minecraft:fly_one_cm":294425,"minecraft:open_chest":15,"minecraft:crouch_one_cm":335,"minecraft:play_time":51401,"minecraft:deaths":1,"minecraft:sneak_time":64,"minecraft:walk_under_water_one_cm":3970,"minecraft:jump":1485,"minecraft:walk_on_water_one_cm":2827,"minecraft:total_world_time":51401,"minecraft:fall_one_cm":39907,"minecraft:horse_one_cm":177274},"minecraft:crafted":{"minecraft:oak_planks":16,"minecraft:crafting_table":2,"minecraft:wooden_pickaxe":1,"minecraft:furnace":1,"minecraft:birch_planks":52,"minecraft:stone_axe":1,"minecraft:air":0,"minecraft:stick":12,"minecraft:iron_ingot":3,"minecraft:iron_pickaxe":1,"minecraft:stone_pickaxe":1,"minecraft:chest":4,"minecraft:birch_door":3,"minecraft:acacia_planks":4,"minecraft:torch":16},"minecraft:mined":{"minecraft:smoker":1,"minecraft:brewing_stand":1,"minecraft:crafting_table":2,"minecraft:blast_furnace":1,"minecraft:grass_block":3,"minecraft:jungle_log":1,"minecraft:tall_grass":1,"minecraft:cobblestone":3,"minecraft:sugar_cane":3,"minecraft:wall_torch":1,"minecraft:hay_block":9,"minecraft:furnace":1,"minecraft:birch_log":13,"minecraft:iron_ore":5,"minecraft:andesite":1,"minecraft:grass":6,"minecraft:bookshelf":8,"minecraft:coal_ore":35,"minecraft:oak_log":4,"minecraft:dirt":14,"minecraft:stone":49,"minecraft:oak_leaves":8,"minecraft:orange_bed":2},"minecraft:killed":{"minecraft:witch":1,"minecraft:skeleton":1,"minecraft:zombie":2,"minecraft:cow":16},"minecraft:killed_by":{"minecraft:zombie":1},"minecraft:used":{"minecraft:stone_pickaxe":87,"minecraft:chest":4,"minecraft:wooden_pickaxe":11,"minecraft:rotten_flesh":2,"minecraft:orange_bed":2,"minecraft:torch":2,"minecraft:dirt":18,"minecraft:crafting_table":3,"minecraft:birch_door":2,"minecraft:bread":15,"minecraft:iron_pickaxe":16,"minecraft:stone_axe":89,"minecraft:cobblestone":2,"minecraft:furnace":1,"minecraft:andesite":1,"minecraft:egg":2},"minecraft:picked_up":{"minecraft:birch_log":13,"minecraft:crafting_table":1,"minecraft:birch_door":1,"minecraft:jungle_log":1,"minecraft:andesite":2,"minecraft:leather":17,"minecraft:wooden_pickaxe":1,"minecraft:smoker":1,"minecraft:birch_planks":5,"minecraft:oak_log":4,"minecraft:brewing_stand":1,"minecraft:dirt":28,"minecraft:bone":1,"minecraft:wheat_seeds":2,"minecraft:beef":32,"minecraft:iron_pickaxe":1,"minecraft:sugar_cane":6,"minecraft:egg":2,"minecraft:furnace":2,"minecraft:book":24,"minecraft:stick":1,"minecraft:raw_iron":5,"minecraft:torch":16,"minecraft:acacia_log":1,"minecraft:blast_furnace":1,"minecraft:spider_eye":2,"minecraft:orange_bed":2,"minecraft:arrow":1,"minecraft:rotten_flesh":2,"minecraft:stone_axe":1,"minecraft:hay_block":9,"minecraft:coal":67,"minecraft:cobblestone":54}},"DataVersion":3465}