{"stats":{"minecraft:custom":{"minecraft:time_since_rest":15401,"minecraft:interact_with_furnace":6,"minecraft:play_time":15401,"minecraft:sprint_one_cm":25215,"minecraft:damage_taken":110,"minecraft:walk_one_cm":58288,"minecraft:jump":367,"minecraft:damage_dealt":10,"minecraft:time_since_death":15401,"minecraft:total_world_time":15401,"minecraft:interact_with_crafting_table":5,"minecraft:fall_one_cm":7827,"minecraft:fly_one_cm":26620},"minecraft:crafted":{"minecraft:furnace":1,"minecraft:birch_door":3,"minecraft:birch_planks":24,"minecraft:stone_axe":1,"minecraft:crafting_table":1,"minecraft:stick":8,"minecraft:air":0,"minecraft:iron_ingot":3,"minecraft:wooden_pickaxe":1,"minecraft:stone_pickaxe":1},"minecraft:mined":{"minecraft:grass_block":2,"minecraft:coal_ore":35,"minecraft:dirt":11,"minecraft:iron_ore":3,"minecraft:birch_log":6,"minecraft:stone":42,"minecraft:andesite":1,"minecraft:crafting_table":1},"minecraft:used":{"minecraft:birch_door":1,"minecraft:dirt":4,"minecraft:crafting_table":2,"minecraft:furnace":1,"minecraft:stone_pickaxe":83,"minecraft:wooden_pickaxe":11},"minecraft:picked_up":{"minecraft:birch_log":6,"minecraft:raw_iron":3,"minecraft:crafting_table":1,"minecraft:andesite":1,"minecraft:coal":40,"minecraft:cobblestone":43,"minecraft:dirt":13}},"DataVersion":3465}