{"stats":{"minecraft:custom":{"minecraft:interact_with_furnace":6,"minecraft:mob_kills":15,"minecraft:interact_with_crafting_table":6,"minecraft:time_since_death":20748,"minecraft:sleep_in_bed":2,"minecraft:time_since_rest":3468,"minecraft:sprint_one_cm":113078,"minecraft:damage_taken":691,"minecraft:walk_one_cm":158608,"minecraft:damage_dealt":2154,"minecraft:talked_to_villager":2,"minecraft:swim_one_cm":4907,"minecraft:fly_one_cm":172418,"minecraft:open_chest":14,"minecraft:crouch_one_cm":335,"minecraft:play_time":39401,"minecraft:deaths":1,"minecraft:sneak_time":64,"minecraft:walk_under_water_one_cm":175,"minecraft:jump":1096,"minecraft:walk_on_water_one_cm":484,"minecraft:total_world_time":39401,"minecraft:fall_one_cm":25610},"minecraft:crafted":{"minecraft:crafting_table":1,"minecraft:wooden_pickaxe":1,"minecraft:furnace":1,"minecraft:birch_planks":24,"minecraft:stone_axe":1,"minecraft:air":0,"minecraft:stick":12,"minecraft:iron_ingot":3,"minecraft:iron_pickaxe":1,"minecraft:stone_pickaxe":1,"minecraft:birch_door":3,"minecraft:torch":16},"minecraft:mined":{"minecraft:smoker":1,"minecraft:brewing_stand":1,"minecraft:crafting_table":2,"minecraft:blast_furnace":1,"minecraft:grass_block":2,"minecraft:jungle_log":1,"minecraft:tall_grass":1,"minecraft:cobblestone":3,"minecraft:sugar_cane":3,"minecraft:wall_torch":1,"minecraft:hay_block":9,"minecraft:furnace":1,"minecraft:birch_log":13,"minecraft:iron_ore":5,"minecraft:andesite":1,"minecraft:grass":4,"minecraft:bookshelf":8,"minecraft:coal_ore":35,"minecraft:oak_log":4,"minecraft:dirt":11,"minecraft:stone":45,"minecraft:oak_leaves":7,"minecraft:orange_bed":2},"minecraft:killed":{"minecraft:witch":1,"minecraft:zombie":2,"minecraft:cow":12},"minecraft:killed_by":{"minecraft:zombie":1},"minecraft:used":{"minecraft:stone_pickaxe":87,"minecraft:wooden_pickaxe":11,"minecraft:rotten_flesh":2,"minecraft:orange_bed":1,"minecraft:torch":2,"minecraft:dirt":6,"minecraft:crafting_table":2,"minecraft:birch_door":2,"minecraft:bread":10,"minecraft:iron_pickaxe":10,"minecraft:stone_axe":77,"minecraft:cobblestone":1,"minecraft:furnace":1,"minecraft:andesite":1},"minecraft:picked_up":{"minecraft:birch_log":13,"minecraft:crafting_table":1,"minecraft:birch_door":1,"minecraft:jungle_log":1,"minecraft:andesite":2,"minecraft:leather":13,"minecraft:wooden_pickaxe":1,"minecraft:smoker":1,"minecraft:birch_planks":5,"minecraft:oak_log":4,"minecraft:brewing_stand":1,"minecraft:dirt":24,"minecraft:wheat_seeds":2,"minecraft:beef":23,"minecraft:iron_pickaxe":1,"minecraft:sugar_cane":6,"minecraft:furnace":2,"minecraft:book":24,"minecraft:stick":1,"minecraft:raw_iron":5,"minecraft:torch":16,"minecraft:acacia_log":1,"minecraft:blast_furnace":1,"minecraft:spider_eye":2,"minecraft:orange_bed":2,"minecraft:rotten_flesh":2,"minecraft:stone_axe":1,"minecraft:hay_block":9,"minecraft:coal":67,"minecraft:cobblestone":50}},"DataVersion":3465}